Unnamed: 0,product_id,real_201912,pred_201912,pred_202002
0,20001,1504.68856,1391.180738937956,1323.611713402037
2,20002,1087.30855,1223.4466841118106,1091.6144166650645
4,20003,892.5012899999999,789.717536957859,716.8591913907122
6,20004,637.90002,615.0681676651398,548.4379046538395
8,20005,593.24443,520.0807966388135,544.5142008777805
10,20006,417.23228,441.01008598848,477.3555797514365
12,20007,390.43432,392.34508488402463,411.7163879876781
14,20008,195.36854,422.752054252558,407.6315653101816
16,20009,495.03574,566.1695908243265,493.0280201704381
18,20010,359.59998,398.50208382238,397.0764416152
20,20011,392.3829,364.9803740215309,415.3741644934223
22,20012,173.13004,341.02741845504374,324.81351142212714
24,20013,318.09141,401.5848551552684,398.3557203753432
26,20014,272.02812,417.6171448278728,396.2943533605223
28,20015,297.27663,391.8799471966785,369.69357361243874
30,20016,273.20202,286.95877893155966,298.2447352275898
32,20017,216.90773,257.3575909165773,287.6003051036903
34,20018,141.6357,269.1135286193089,267.1031922059803
36,20019,351.54708,369.938373473204,322.48839840729966
38,20020,266.06358,268.13220515962,294.3949059594441
40,20021,203.76721,258.0957698038608,242.71670709381408
42,20022,210.8346,290.4634616268896,271.7478614625679
44,20023,181.13277,264.1017958362113,224.79023719107235
46,20024,270.45018,196.7871940016776,224.1912980288823
48,20025,241.83432,199.8337059672006,227.15130849654147
50,20026,235.10419,256.57545573539386,241.8976145551942
52,20027,155.25876,238.6990929889373,232.57482757085512
54,20028,109.92618,209.2482604632096,213.06089147375067
56,20029,150.64869000000002,166.44048510426882,189.06717017307096
58,20030,102.7572,132.41133513314116,150.44402740306106
60,20031,139.91577,193.0039752266009,188.9267396609244
62,20032,527.79811,555.7135678727813,536.8931143122252
64,20033,96.76212,167.2285722953733,134.34896883922582
66,20035,179.97912,163.03957877313968,172.2332908599571
68,20037,63.37274,103.70463477590124,175.2974867227379
70,20038,157.68477,151.6254850263296,176.56267293986053
72,20039,128.40394,136.96618169487186,148.12577777942042
74,20041,113.11379,136.45335685332523,135.05529748584632
76,20042,124.20086,170.87610436954384,161.6223806812559
78,20043,93.77222,142.0102786456585,130.7367693791528
80,20044,59.61747,168.47590512366494,162.2874815725708
82,20045,149.89961,148.65617462066035,153.04826473945678
84,20046,149.9563,156.60069508188,155.1331942819502
86,20047,71.49763,167.8493348325866,164.9840296702232
88,20049,124.84836,165.22143316931687,178.3362997811176
90,20050,117.02742,125.90219694933484,131.5035221827277
92,20051,132.46038,127.44993694761698,140.00349500662708
94,20052,95.51068,133.11094517917172,117.692768048299
96,20053,146.36584,150.11577857215622,151.38155974239527
98,20054,121.2091,133.64086895472113,139.90414758404376
100,20055,65.85747,101.59622399129375,105.3450672685281
102,20056,63.7182,106.82013895794825,109.51861243866595
104,20057,141.36774,126.41354803880772,140.28409154080364
106,20058,117.82985,117.25911477417006,120.19037351237992
108,20059,111.51139,134.35982841127287,144.9470526002017
110,20061,106.44895,131.3108248588963,136.93764327917356
112,20062,90.97637,98.92216741858914,104.55988685349476
114,20063,103.52372,124.86681081198796,125.98585456954636
116,20065,77.98518,123.69874367670516,123.25366046669782
118,20066,119.28134,102.02007536856998,120.43953105024116
120,20067,88.49566,103.41271103901713,114.090586592704
122,20068,92.92737,106.76950450634884,113.60259992417762
124,20069,136.63984,116.29484755754474,134.76298007777467
126,20070,68.44316,112.27848216792408,112.85590051757428
128,20071,104.77091,106.11508489852956,121.8284179229079
130,20072,32.2686,97.4469162039194,96.84847635172802
132,20073,122.47019,100.99261014959878,104.3949905740348
134,20074,98.07553,78.66894749770472,90.96189234934816
136,20075,105.42961,126.4882170833772,134.24275274478435
138,20076,68.45922,102.38788684981591,104.62461535035922
140,20077,34.58847,89.99986457322944,107.36157551641804
142,20079,27.68496,56.06661925270347,62.91551423230212
144,20080,8.84426,101.86159445993351,99.57286994621114
146,20081,94.25871,94.05203027201934,97.43919895571308
148,20082,78.87082,65.01060341983518,78.28223979532629
150,20084,94.68236,140.05142214118334,109.8031266618498
152,20085,221.56404,188.6911576427072,180.85323478473308
154,20086,42.51979,50.25348635014179,65.05212410690079
156,20087,89.63007999999999,64.03138796960486,79.65137075035732
158,20089,102.33626,152.74459758731115,169.6367340555239
160,20090,35.97712,52.05466489692736,90.92761445980844
162,20091,92.24345,91.79808155140444,103.3247909307558
164,20092,47.45286,63.19032196299819,69.20884991243295
166,20093,73.28412,87.40304324822694,85.28964479379877
168,20094,59.12954,97.98840175570196,103.16113179376764
170,20095,28.52853,88.86010771512288,74.87895431784719
172,20096,44.24611,66.09457749884697,77.35418240363646
174,20097,55.29078,65.71005868610719,74.0729213211338
176,20099,57.82713,66.2020455299898,73.21716432003761
178,20100,1.3792,79.1171933850084,67.88304153360706
180,20101,72.80091,80.49470020660557,79.34384326682394
182,20102,19.17797,49.27066243830806,39.13786500389561
184,20103,63.99622,74.571991220147,80.21610042654407
186,20106,74.51262,71.71941084987547,73.70607375287327
188,20107,86.05666000000001,84.22639316430669,79.21108415350349
190,20108,58.34718,72.38845104443055,65.56481252322543
192,20109,61.8432,55.4313086560112,71.48802268401488
194,20111,93.88818,73.51688910987417,81.74752645019531
196,20112,107.06263,82.851806202103,81.97661660101406
198,20114,44.16048,65.69650495635628,63.71961169711307
200,20116,118.60205,101.08816943223914,93.61274231785254
202,20117,36.0325,53.242789401241474,52.734446392311895
204,20118,61.15123,66.38513206687415,61.68251684867987
206,20119,36.26867,65.33097791533716,56.2242131658701
208,20120,72.21068,71.14572656466893,66.71129998702344
210,20121,78.96685000000001,94.96056872296136,79.23163966978264
212,20122,64.62255,70.43454479735324,70.78688613041922
214,20123,59.14818,66.13209643388785,65.27762858916
216,20124,38.10841,56.61103462116184,55.6496234896489
218,20125,47.55933,68.2325950236793,67.1216341454202
220,20126,94.95288,92.83863894977476,101.09255956057056
222,20127,170.32792,174.24600219033732,166.56327494147314
224,20129,52.92339,62.60711998212158,65.50640941032498
226,20130,83.3077,99.62361412499848,93.82769129665684
228,20132,40.09161,69.00611833896289,61.40987609907814
230,20133,30.83535,61.22389552215971,59.53129472180913
232,20134,49.98357,65.4374727825723,62.16483046234216
234,20135,101.03175,85.44848727871423,85.0167772288255
236,20137,37.55127,54.57469065960408,56.260761339356506
238,20138,28.33495,41.36115179662794,42.76980835299144
240,20139,53.48889,57.72365914283571,58.69640817152796
242,20140,58.149,57.40527417692931,59.130187095188255
244,20142,35.89411,43.94674065616523,53.6097731359296
246,20143,29.92779,84.28135898090216,84.64462282886443
248,20144,41.30604,52.36365750503607,56.20307022325869
250,20145,65.41274,56.53840484346033,55.01284344676297
252,20146,30.47226,54.0663431817754,42.29545790257771
254,20148,57.16338,58.994814014468936,61.95281441086233
256,20150,51.35196,83.84227974437466,94.31920744242498
258,20151,44.81184,43.89516601609553,45.11068119566255
260,20152,23.92667,32.50396594381296,46.30773678313847
262,20153,48.78881,52.22767449755871,48.86889256962486
264,20155,61.25175,48.97385764142573,50.220520147882674
266,20157,55.77624,49.53628514862228,49.063662588261565
268,20158,55.02588,61.90442881303794,54.211766574452696
270,20159,61.78339,70.62469960282836,69.30557687581802
272,20160,43.18815,52.24291342584947,51.78981813636024
274,20161,34.9225,56.478602919661846,55.78472275475343
276,20162,51.43634,45.05855044905735,43.60090740247532
278,20164,71.3349,59.3278272745365,62.76286480243316
280,20166,33.52579,42.72857996465175,49.43359258922113
282,20167,43.85173,41.5922397308216,41.728501295374144
284,20168,15.15556,28.75166658695788,26.11092373258769
286,20170,64.4108,67.40455014981353,71.55483363185488
288,20174,91.1178,95.24062870419722,100.21162033943136
290,20175,19.70895,41.86064246827336,36.68770055025547
292,20176,23.87612,37.096843534340735,38.5535271856637
294,20177,24.51696,38.55908834503152,38.48640014946354
296,20179,39.70194,30.138840479761893,35.107673023444825
298,20180,36.95611,37.65705264058515,36.922850804223714
300,20181,33.36284,37.70067559916864,40.00210011343597
302,20182,20.87961,35.06085284021534,38.10929906330007
304,20183,20.47573,25.076567396706302,26.94503933921612
306,20184,26.13296,36.74674585387714,36.18839392663126
308,20187,19.99026,35.31715960391068,35.54687599038445
310,20188,22.88825,31.9370341106775,33.77941968291516
312,20189,32.59489,33.31170144849632,34.86842283701392
314,20192,21.45354,30.419486633300792,41.81273899020489
316,20193,24.92724,34.96472244893587,35.8147771990973
318,20196,35.1806,33.182877371926345,33.50839458337853
320,20197,27.90918,27.70339793308149,33.8870049388978
322,20198,22.40804,34.88016953507599,36.57995518084804
324,20200,20.87857,33.532528675259364,33.33682532081568
326,20201,26.16699,31.705825545056708,33.9961972630562
328,20202,24.48113,31.809311594042786,33.72086437040896
330,20203,55.2097,46.51608840349806,45.80775639471667
332,20205,29.13191,30.18102738002501,37.42065055475653
334,20206,23.43432,29.66045470001817,33.179308619773934
336,20207,18.51692,23.55118855678923,21.208327861352604
338,20208,20.14227,29.94490297738676,31.85870672589643
340,20209,16.08116,27.029643415256587,30.065324536555742
342,20210,58.78261,63.09999928430821,61.04064578943532
344,20211,16.10922,25.80988066967935,26.27348047972076
346,20212,22.49479,28.22172415130412,28.157679593584792
348,20213,58.84043,63.91644968045931,61.95725304063853
350,20215,23.14009,26.395793446816185,29.181413018214464
352,20216,9.20284,20.65008400640842,19.89295618669557
354,20218,31.36932,27.338217425210395,29.80072515410544
356,20219,23.10671,23.41918377349237,25.576801580353298
358,20220,19.46485,27.547015010953626,26.661189451249538
360,20222,21.01334,22.194718007327367,23.019106794715768
362,20224,21.26943,32.407378915410334,28.442989642053146
364,20225,16.66252,20.578666691167843,21.972970814968768
366,20226,11.32801,22.85844909136524,23.332968403888625
368,20227,38.71265,50.45233187044383,36.948423869682735
370,20228,5.03851,13.080931775267356,15.578920341818089
372,20230,18.17921,19.107151654499912,20.970569807739817
374,20231,21.31542,22.91079123350765,22.94031048473518
376,20232,28.2828,36.08482408394967,29.213289367746192
378,20233,35.59532,21.969268437798,31.214285564877294
380,20234,4.84796,5.600241196271512,20.04540256846412
382,20235,32.13552,40.8664191505373,34.899994255081324
384,20236,34.70341,58.34527499520232,70.0581584504489
386,20237,29.51673,36.54362169885431,41.92159009614448
388,20238,16.61631,22.95952729952748,22.466139847429368
390,20239,20.10279,17.483303676266118,20.675351907104385
392,20240,19.51977,20.17980627242757,22.97130610143517
394,20241,12.8158,22.84894564337644,22.74799454948357
396,20242,4.03604,16.10055627747829,16.15293133247634
398,20244,26.46154,16.31255937164816,20.507227972367755
400,20246,24.60939,19.09141240696766,23.6788591965307
402,20249,8.00053,12.819974133203331,23.38559279559237
404,20251,14.79641,22.000198997340384,21.715154365609607
406,20252,12.20597,20.11077065983238,19.85548803189593
408,20253,15.26885,18.13703687967851,21.64550608409317
410,20254,17.46847,22.25225362678444,22.665852002784
412,20255,12.15816,16.900731000750987,15.73456378944116
414,20256,17.63436,18.53784205523873,19.0929288066306
416,20257,51.77148,50.35502279759786,48.518255541958034
418,20259,12.43223,13.991568993676866,21.86764978149398
420,20261,43.74576,54.48875656665132,61.76321343862372
422,20262,25.6396,21.08296097173034,25.128485995395938
424,20263,20.85506,21.52046750064991,22.37159688948043
426,20264,16.58253,20.0318275995222,18.83624352268966
428,20265,4.57848,4.055678526413733,15.138351852998746
430,20266,49.55769,30.078142607415657,31.17233609171219
432,20267,18.01748,22.340663434681943,21.95707202932968
434,20268,11.99271,20.282480031751312,19.484690197995107
436,20269,19.13008,15.54469837003699,17.333105843401725
438,20270,6.778370000000001,21.20210101119457,21.366139876229568
440,20271,8.34905,14.783684277229826,20.95136227852376
442,20272,12.66437,18.4706602851582,17.773981082941887
444,20273,12.4634,16.97577943237468,19.167882580194373
446,20275,14.93964,18.865816640707934,20.715254183008582
448,20276,18.62694,19.47679998010993,20.188189483365445
450,20277,9.61208,18.84423948916304,19.0908998653033
452,20278,6.27424,11.388471176345067,22.999107424989184
454,20280,17.02489,15.028409039067428,17.181635000218385
456,20281,9.81001,14.834697672445293,17.014345418787727
458,20282,12.8247,18.117357713668497,19.163814386791103
460,20283,12.82352,15.481060664335294,16.287014304562952
462,20284,11.79748,17.411300059480567,17.722259118581484
464,20285,4.3322,13.341024266505618,16.32857735288138
466,20286,50.55931,46.976378415806,46.02159620367426
468,20288,21.12175,14.73714679071185,17.15260372716661
470,20289,10.01,18.77194937118831,16.641980944756593
472,20290,21.56585,16.226287733964,17.886373704971245
474,20291,9.75289,17.858236008034723,17.21088999187316
476,20292,9.80518,16.747327535652683,15.631390798240147
478,20295,6.04878,18.68522712795029,16.412932759572072
480,20296,18.64666,17.116328388600827,19.26819640816631
482,20297,35.089,27.500821284590018,24.81816342798439
484,20298,11.28594,17.456336406927363,16.58036425540416
486,20299,10.61151,20.154950845457584,16.822906226831527
488,20300,17.14787,17.057059083484248,18.3272441409168
490,20301,8.31315,15.89809380215454,15.764361054177057
492,20302,2.35687,2.7531272012006154,14.194638839485927
494,20303,18.3878,18.13715631855297,18.14442953171705
496,20304,5.88588,10.205935272726553,13.52075813339282
498,20305,2.56676,2.926549922184396,13.15047930382866
500,20306,32.270920000000004,26.86068335353305,25.57700893780479
502,20307,13.52531,17.503746209601296,16.846191067578374
504,20309,8.11212,16.694448479282883,17.246398053558565
506,20310,9.74985,17.344259515825996,17.40851095006479
508,20311,18.16724,18.932804180642897,19.08931002558225
510,20313,27.15804,21.03217201688776,22.288153250975903
512,20314,18.85205,16.049210001204777,17.61498252341557
514,20315,16.64451,14.682031368627484,16.38387321571259
516,20316,27.23436,28.12637415907474,25.069286944345933
518,20317,14.82331,15.59028086039375,15.599369275470222
520,20319,11.81172,14.78392611942491,16.470603100927757
522,20320,13.48012,15.1315123446372,15.937456010282004
524,20321,27.62797,24.325474497075195,20.791195725920897
526,20322,5.57864,12.272436601530924,10.912545261736692
528,20323,24.40797,25.262804713658245,23.296662163996025
530,20324,10.95741,14.84421392861217,14.882921903190269
532,20325,5.26778,7.0811663549956885,9.338341037570316
534,20326,15.6484,16.113203138719747,16.170535361927406
536,20327,11.90046,13.07960070066602,14.351804215161744
538,20328,9.33387,15.089858761815584,12.641676341092118
540,20329,11.05355,12.7026029347478,13.229172685001831
542,20330,13.79536,14.821110059901212,16.00831352902535
544,20332,12.96845,12.70186705419619,14.562260105645844
546,20334,0.1863199999999999,14.226409144106956,15.364592771676486
548,20335,11.7811,14.79172214574621,14.361329735558924
550,20336,8.61019,14.346045195307973,14.825678512235626
552,20337,13.82469,16.973038227260105,15.830297802656576
554,20338,8.13739,13.367049582204796,14.052481189319291
556,20340,8.06882,16.775880605555315,17.659952895575074
558,20341,8.46183,11.762453423829829,12.144647093946666
560,20342,11.97748,16.819704561193145,16.525592261395687
562,20343,11.96007,12.965084801743926,13.344755935271731
564,20344,15.9908,18.59239278443536,18.061194270248286
566,20346,14.96339,11.844282083247531,12.43251838540196
568,20348,11.72618,17.29398702584044,17.557918551187633
570,20349,17.46373,12.451805996247876,13.940236207126436
572,20350,1.23931,2.3691971160159424,11.886873893584609
574,20351,14.08152,17.543439186214137,18.52635029528794
576,20352,17.35029,16.347414093992285,16.751266528233316
578,20353,6.63564,13.115474126318547,12.877842696230342
580,20354,12.29584,14.149787019700636,14.393583068563933
582,20355,25.63347,30.491044623521937,30.37620089972736
584,20356,13.82404,13.036804617440058,14.889433221850862
586,20357,18.325,11.903692845628903,14.634386109987336
588,20358,10.92,10.736998213101938,12.037399967808646
590,20359,14.16642,12.893722741309311,13.99262611746558
592,20361,13.57393,16.7537876023274,16.816892468686497
594,20362,6.61718,9.388008379626168,7.643437952874637
596,20364,30.7114,27.543060478708128,26.97443438183813
598,20365,10.90371,12.68923424280995,13.842066478561614
600,20366,10.34722,11.394861372527725,13.44808600032199
602,20367,9.55006,13.16043478414292,12.835480188763496
604,20368,10.4105,16.253812238693932,16.612351244563346
606,20372,4.66326,10.518326425531615,9.857359862489192
608,20375,4.38548,10.300302456083864,10.386633426461264
610,20377,7.24521,10.529798733303371,12.146731769394757
612,20378,7.68167,13.16923882042763,15.178759123512965
614,20379,6.4533,9.432824339524169,9.567754829151518
616,20380,14.64208,13.374721152457637,14.317799174497877
618,20381,18.21145,14.275658725278277,15.484751185551964
620,20382,9.3097,10.99949126585523,10.525089064746645
622,20383,7.43444,9.500837290297063,9.822912233341343
624,20384,7.21169,12.375875476236349,11.869967022020232
626,20385,7.4722,10.343785661735025,10.108062241128357
628,20386,11.22573,13.07577417085632,12.818883087069404
630,20387,8.58751,13.65682390577223,13.81343946489388
632,20388,6.65028,11.229094688852184,10.704863551902228
634,20389,34.54417,28.741611959956284,29.59201293165645
636,20390,9.2709,10.464910205316794,11.965276323679396
638,20395,26.65657,16.151824906677838,17.87519116497404
640,20396,5.93867,10.895154383521463,9.373977191543489
642,20398,1.0473,1.8832158984674,9.460651656268
644,20400,9.74484,11.07837738783809,11.486674746192657
646,20401,9.16454,9.992585704477754,11.405741786010877
648,20402,15.10782,13.480772008988122,12.59876872033682
650,20403,10.9533,12.837822083693323,13.254386688777291
652,20404,9.25704,9.787774817677468,9.714158016243452
654,20406,10.27615,13.446892369449507,13.218639978083296
656,20407,6.63483,9.482845380851746,9.745784918391983
658,20408,11.77663,14.439621462656827,15.901560582977377
660,20409,2.40926,6.146972798833262,6.559008820415994
662,20410,10.14597,9.142786985946238,9.76545408660388
664,20411,9.12526,8.8298143969391,10.589094974126306
666,20414,28.50819,28.72999008735016,28.19134268141544
668,20415,4.85906,6.9393735142198985,8.62244788694228
670,20416,0.8584999999999999,1.4171494059228835,6.187985548307568
672,20417,7.38835,9.750051475072974,10.447342948788048
674,20418,0.5267000000000001,1.0299850800213517,5.006893790738724
676,20419,13.59539,9.833349587862976,11.160428392769044
678,20421,11.95817,10.040051169894912,11.81385484753224
680,20422,0.92601,1.17380654506751,6.595562118627406
682,20424,5.42003,9.068157890746152,9.294425041477451
684,20426,8.05316,5.939197435063035,6.815400600243971
686,20428,1.65654,1.657968251720713,5.4295698362339815
688,20429,0.99469,0.8718061448194214,6.056112083685799
690,20432,5.4624,9.567412569325946,9.643343726445408
692,20433,15.75243,10.988165346711623,12.08366180625358
694,20434,8.25951,9.00793755980749,10.422957628927051
696,20438,16.27824,11.064336890197984,12.367054948342538
698,20440,34.28062,27.296561206423355,24.902782575059625
700,20442,23.79055,25.55552339641848,25.933010032121256
702,20443,8.00212,8.26752125672507,8.526942676718924
704,20447,6.65567,8.2753691875545,8.928112582362399
706,20449,1.08866,0.9147509439050424,5.8381098131048565
708,20450,6.24297,10.615003763166456,10.760057980008993
710,20453,16.32757,11.052564845082175,11.24523419551102
712,20456,6.10371,8.216153935820508,8.253491203389622
714,20458,22.48458,22.64020880600362,22.41182536324577
716,20459,15.42616,14.958906432082529,15.403042959636457
718,20460,8.94893,14.303421604176371,14.881708732857328
720,20463,10.21467,9.52765603660901,9.42321698684889
722,20464,3.55347,7.396032350120103,6.712788391686761
724,20465,3.54101,7.831755667106566,8.080262390516276
726,20466,7.27034,8.67131588729503,8.982916063284131
728,20469,7.43516,9.478602538111549,9.6663484397688
730,20470,8.27397,8.724526923690949,8.360337058296274
732,20473,6.6120600000000005,6.092498997827118,7.816331625882296
734,20474,9.65317,8.951596245391821,9.032981223670715
736,20476,19.73377,20.61074423477794,20.871503157457408
738,20477,6.01202,12.199477090414364,12.034604207420871
740,20478,5.35491,6.284748123071763,7.551881716316519
742,20479,7.92463,9.62133255589245,10.879503176962537
744,20480,5.21702,7.218818885607941,6.669378710426824
746,20481,8.74287,8.81256170085707,8.358611720053336
748,20482,5.68619,8.13505006307353,7.933906132646683
750,20483,8.52225,8.019455598531152,8.482446243801274
752,20484,1.56548,7.418085760787366,5.773409280597018
754,20488,8.62499,9.89301201309004,10.539866579930075
756,20490,0.4861899999999999,0.63870470551808,3.4610523489594325
758,20491,11.94289,14.375790429178588,15.05796897689316
760,20495,12.65039,14.336205308489957,14.687346451295658
762,20496,6.49094,8.12281741527412,7.489457720021885
764,20497,5.5455000000000005,6.705986358524314,6.654850745762303
766,20500,8.61567,8.49521173061203,8.46926453902585
768,20502,5.83704,7.224357524206212,7.324462874326167
770,20503,0.83948,11.952044615219355,10.03963938957548
772,20505,1.41934,8.200484291991476,7.052073256423071
774,20508,4.02445,5.02287362920013,6.452960487108959
776,20509,1.1039899999999998,0.3654623540622252,3.769194368847967
778,20510,9.0775,10.808404285930608,12.08743488984172
780,20513,12.77476,7.634457975726554,8.814011481616923
782,20514,5.77288,6.41877572881369,6.837563349472266
784,20517,4.0131,5.1657939362988685,5.222785075246302
786,20520,6.9888,6.583656691630711,7.472395277408066
788,20521,9.54402,13.756139154023977,14.753038139979337
790,20522,12.64676,10.880876144674072,10.861712693809672
792,20523,7.63168,11.551632674679183,14.150257105373685
794,20524,3.37671,7.542903439958223,6.808632326449169
796,20525,15.9413,16.610930729131308,16.57056972168999
798,20526,13.65706,16.720533779395495,16.803539903143903
800,20527,7.74072,12.010106909049927,13.61525934853352
802,20530,2.70755,5.405552710496856,6.152326504950824
804,20531,12.40991,14.77054165903683,14.890447327389996
806,20532,6.38886,5.778940104883663,6.284608042210352
808,20536,5.33565,6.996412357763229,6.948515417640649
810,20537,12.0668,14.66281184739736,14.948778376475962
812,20538,6.02223,6.833429499686309,7.005236121823585
814,20539,5.81923,6.4256103996249045,6.273205722869597
816,20540,6.4430000000000005,11.469726187025268,11.053761709768972
818,20541,8.18859,9.087048560280657,10.305612528780888
820,20542,8.25353,7.560287935789417,7.666506592881631
822,20544,6.43633,6.559168599196905,7.292193073161567
824,20547,12.23047,13.365266278484189,13.171852108161486
826,20548,12.24028,17.04985704134219,17.87932011980684
828,20549,4.18343,6.485204385873699,6.335407735346189
830,20551,5.13514,5.297725927718945,5.5711530231180735
832,20552,2.39711,3.7622705281928455,4.226524940725046
834,20553,7.04809,10.85542105202768,11.783255695667856
836,20555,1.79267,3.506225240852859,6.096084050515563
838,20558,3.458,12.655258895999062,13.543434290541072
840,20559,7.1281,10.977172032393629,13.42052756088842
842,20560,5.1622,4.861112479353708,5.3811046573724735
844,20561,0.37611,0.1954954890750028,2.535097618717862
846,20563,7.4654,4.89375219600541,5.813578212753752
848,20565,3.83425,5.025172579962149,6.3554518208178585
850,20567,7.02946,7.115859119454637,7.474747851886574
852,20568,2.85831,4.187479966471592,4.175698741401585
854,20569,12.84918,10.482977838051832,9.843525289801695
856,20570,6.88673,5.684603976330997,6.426296980759003
858,20571,7.32115,8.34263274393173,9.757811966188942
860,20572,3.90293,4.143528848539454,4.519776319332999
862,20574,2.60938,3.753494324579565,4.014859403978259
864,20575,9.11891,13.61215990211443,13.861729999161517
866,20576,12.3194,6.127839140467517,7.596758773891557
868,20577,8.44628,12.59920594818813,12.70142711296876
870,20578,3.4644000000000004,4.378107868913655,4.695907114313904
872,20579,3.101,5.17730541020271,4.892841508977667
874,20580,15.91044,14.402715578082269,13.80664976028934
876,20583,3.65662,4.970462928080583,5.138775942958389
878,20585,7.09842,5.776526188953867,6.212533911875232
880,20586,0.33821,0.7250598312726532,4.279901309776712
882,20588,0.6006,2.9409869020151684,4.323650593593183
884,20589,6.74483,6.643668709997311,6.523266986863873
886,20592,12.04725,13.540227899607974,15.32346202954825
888,20593,8.18131,9.00990937714942,10.337437604173298
890,20596,4.49828,4.274079190104743,4.355189961648692
892,20597,0.23346,0.2402731546526381,2.665005977754451
894,20599,4.55627,4.659092275000948,5.300892311314832
896,20600,1.55091,5.481577717465629,4.768154927463256
898,20601,0.57274,0.7675272070475146,4.193588516754006
900,20602,3.26558,3.684316699797866,4.055705229037857
902,20603,7.70408,11.94712136040533,12.107811763377333
904,20604,13.17988,6.79153302688733,7.161203772386736
906,20605,6.43393,4.5544671691649325,5.206162273299046
908,20606,2.34434,4.898141977664508,4.873986728132103
910,20609,0.47173,4.493571874363404,4.107778289297751
912,20611,9.19572,9.655648022118076,9.343044230713714
914,20612,4.18386,5.523325389950778,5.28543750715607
916,20614,2.23479,3.124760693798083,3.726998744221285
918,20615,14.06805,12.792351888546284,12.62577068677091
920,20617,1.36963,3.475833642867186,3.5946066386420066
922,20620,6.91217,11.479901326916492,13.070915787200777
924,20621,7.23179,8.676448822002712,8.471397528989197
926,20622,4.72215,4.862324476959431,5.026029420524957
928,20623,10.20951,12.244315408831111,12.084530822547828
930,20624,5.34485,5.352733045789665,5.088521330866573
932,20627,9.34447,9.386729897663315,8.409437586222378
934,20628,3.28467,4.592802993582886,3.870054398801402
936,20629,2.32608,3.087626993721286,3.416989845523476
938,20632,2.05983,3.6068015185015634,3.6489258255567294
940,20633,6.92866,10.500715309897249,10.63924443659715
942,20636,0.37304,0.3785966350327852,3.0432021582024875
944,20637,4.74964,4.656474871197698,4.673078359660236
946,20638,8.33849,5.553274184201349,6.034676388501753
948,20639,4.9791,4.210590477278183,4.663329158069889
950,20640,2.72739,4.284572283259431,4.029684071081901
952,20641,2.19101,3.216964360313144,3.814669183319636
954,20642,3.0238400000000003,4.20953505235903,4.162666799732408
956,20644,2.6208,2.3427033909900974,2.8375955713157515
958,20646,4.05327,4.862617639147941,4.921102112993537
960,20647,1.92544,2.304120290275147,5.238114597738662
962,20649,14.79183,15.736456080721068,19.196707570096866
964,20651,2.37627,3.299703671551,3.339125145628005
966,20652,3.69362,4.096380195959878,4.012838943104176
968,20653,3.43338,3.664815854643425,4.33945948611238
970,20654,5.23921,4.009782201426083,4.789680047309081
972,20655,2.58001,3.3466900845562924,3.556035042040876
974,20657,3.71165,5.135807367130795,4.4661483817422925
976,20658,3.40902,3.712639789194907,4.010697954682935
978,20659,7.73487,10.7235112980521,10.83304577925579
980,20660,0.22825,2.826150972448938,3.2369476472241034
982,20661,3.46726,4.187065429283596,4.390692129686179
984,20662,11.50205,10.524243925517212,10.208744331776522
986,20663,0.17495,0.288426528082901,1.7423737077877024
988,20664,2.96002,2.486357640500464,3.002732332485737
990,20666,2.184,2.846447424909793,3.2634261087291145
992,20667,2.54736,4.729140913381118,5.716034912039806
994,20670,0.84728,0.2819280106195337,2.1176074835274448
996,20672,3.41448,4.294047218137939,4.164889570441543
998,20673,9.15194,8.743642742522264,8.457119338615943
1000,20674,8.38539,9.624561445492194,10.899051022606727
1002,20676,2.14578,1.7689511905234183,2.194641911134072
1004,20677,2.29468,2.3204334456033413,3.066670227870005
1006,20678,0.391,0.5560206297019785,1.9110090719132349
1008,20679,10.29418,7.4686673025619985,7.704164268524163
1010,20680,5.18177,4.355305425292075,4.541751238339945
1012,20681,8.83008,9.046603296344564,9.636550044266466
1014,20682,5.3508,6.337257361388056,6.422270381329934
1016,20684,0.76875,2.45218444164857,2.590227671509053
1018,20685,0.95115,0.4365115424441834,2.881407095764189
1020,20686,9.60049,10.381942526085751,10.54942678019888
1022,20689,2.2932,7.607663340333792,8.115012343278948
1024,20691,7.99868,12.061952682592366,14.443537710690787
1026,20693,3.71123,3.416453140535932,3.9169606464632407
1028,20694,8.90416,7.804696886902889,7.2207954517055555
1030,20696,4.9990000000000006,3.386218652760609,3.6910677754227272
1032,20697,2.59869,2.705184146139105,2.9982274639663014
1034,20699,3.03395,3.4781961197103177,3.732210293141077
1036,20700,3.11353,3.075677090795328,3.315163688733789
1038,20701,3.76215,3.5235439054829283,3.8659672507209457
1040,20702,2.03063,2.118928319969772,2.2418526085522785
1042,20703,9.4657,10.00029963869866,10.339294459420133
1044,20705,1.03194,3.0689935010315845,2.945797582478872
1046,20706,4.85225,3.152917187492557,3.920690191100647
1048,20708,4.31759,2.661765120393353,3.3216320721833847
1050,20709,8.64319,7.122988615679586,6.713877956594176
1052,20711,7.00535,7.290610356929488,7.036759674564925
1054,20713,1.468,2.558028400142478,2.510128280302079
1056,20714,4.22997,3.2753925225497733,3.712107323917816
1058,20715,1.62241,2.092092852429465,2.338951365361879
1060,20719,7.74604,7.980826781749111,7.851006556575771
1062,20720,8.95012,7.959992801165934,7.521057736046663
1064,20721,0.10375,2.3749225630117534,2.3619566086206443
1066,20724,1.47147,1.4290345979787742,2.3871214765232467
1068,20729,0.3598,0.2282255650430227,1.5152298399056598
1070,20730,1.5893199999999998,2.030324373939791,2.432654652758517
1072,20732,5.96173,7.565820268452102,8.68951509493073
1074,20733,1.11124,2.8383499122681712,2.8936724415769017
1076,20735,1.37555,2.837407311063384,2.6638415044093504
1078,20737,2.07177,2.7273787587153824,2.3506132856086044
1080,20739,2.92295,3.124334767673345,3.2487358771972445
1082,20741,1.35364,2.58240574502528,2.6219525309864364
1084,20742,0.91993,2.720349015212764,2.7475550517647864
1086,20743,1.11232,1.937769626891794,2.017143023967527
1088,20744,3.90804,2.4461785754571785,2.990829773444472
1090,20745,1.30308,2.210547093677946,2.3492068942526485
1092,20746,4.26365,6.4203187073285575,6.397272755378272
1094,20749,2.73283,2.7430361389638858,2.884670927523725
1096,20750,1.37322,2.649664209672872,2.8675590956327346
1098,20751,3.04284,2.3354218497611416,2.7069038951870104
1100,20754,8.55531,8.642105240194024,8.909761418360823
1102,20756,4.40403,2.1840331776829767,2.681844130306115
1104,20757,2.37376,4.148252497366553,4.909871327000891
1106,20758,4.3724300000000005,2.7946882406747755,2.673746963360219
1108,20759,1.49063,1.915227307990216,2.071331601787299
1110,20761,2.47668,2.605788840615378,2.704101933724357
1112,20762,6.82849,6.027256958283836,5.552529133048833
1114,20765,0.25988,0.3531131838184844,1.7698567312538651
1116,20768,1.51197,1.9699803381120315,2.0698467625307577
1118,20771,0.95168,1.5835473093128,1.7522357155290669
1120,20772,2.53867,5.675930421589484,6.792368562915998
1122,20773,0.18296,0.3155228079892509,1.4890452241529697
1124,20774,5.44871,6.3555843723027605,7.213298053828974
1126,20775,2.19749,2.0558523319967934,2.0912735256823463
1128,20777,2.07783,2.57219092360716,2.7337463895331444
1130,20781,0.70834,1.8266558276806504,1.861469785065279
1132,20783,3.65745,3.0915428773465163,3.032187192827575
1134,20785,2.93047,4.624284052055581,5.101501736733783
1136,20786,0.60138,1.4969036046971431,1.5456399393415896
1138,20788,1.47053,1.0675358102332049,1.6377489246290686
1140,20789,1.44643,1.6705510419131575,1.8222933687423213
1142,20793,2.64061,2.282030574610212,2.468648294199025
1144,20795,3.56276,5.0938192366019255,5.038530758334161
1146,20800,0.66127,1.224001526959313,1.357647830829975
1148,20801,1.66194,1.839048030866784,1.9633846146747609
1150,20802,1.04494,1.1316156645925677,1.5225711022215755
1152,20803,1.01973,1.3417927137868568,1.558480582932666
1154,20807,2.14955,2.0895615224215303,2.152171538257328
1156,20809,3.19917,2.846049656132843,2.963194545932232
1158,20810,1.60242,2.039828905978555,2.082718558312082
1160,20811,2.65751,2.92262171719838,3.008682667652782
1162,20812,0.76986,1.4043594368530246,1.5635999294666003
1164,20815,6.33522,6.583340538945192,6.132206173490067
1166,20817,1.35408,3.573965144701812,4.5357853353875015
1168,20818,1.5633400000000002,1.850924556981384,1.7819353198332242
1170,20820,1.86661,2.004886969780303,2.1353184414209885
1172,20822,5.92346,5.331590446830904,5.224864753313934
1174,20823,1.7907,1.966229844015888,2.1212552594672984
1176,20824,0.28688,1.0799541369980576,1.2629649992494936
1178,20826,1.78647,1.3735902253136956,1.646108251194278
1180,20827,2.60942,4.240972674987695,5.1405683948406455
1182,20828,0.47617,1.8020183612558207,1.667569832430333
1184,20830,1.11598,1.3116721933646789,1.3661204123060489
1186,20831,2.65266,1.771853048732848,2.075400405778764
1188,20832,0.23123,1.9696653130752253,2.0498317724145947
1190,20835,0.97552,3.036451665533303,3.902836026155151
1192,20838,1.96905,1.6680387005908688,2.02190805994699
1194,20840,1.73797,1.5600946281174557,1.9082595475715385
1196,20843,0.77417,1.7008686548381031,1.609917048630717
1198,20845,2.22201,2.908016748303243,3.731572080829605
1200,20846,0.55875,1.3053098325477923,1.2924545582539286
1202,20847,1.02539,1.305250787018976,1.8110001874168828
1204,20849,2.0799600000000003,1.820850558409468,2.097370379415871
1206,20852,0.29701,1.0877470484768113,1.1195631799837749
1208,20853,2.89842,2.6633090390162755,2.68744030208656
1210,20855,1.27043,1.6946248974375997,1.8235105759527248
1212,20859,3.0626800000000003,2.944982900854837,2.751274716325491
1214,20862,1.30819,1.844381687525096,1.718081573283261
1216,20863,1.09065,1.4785593988771202,1.5797228088683006
1218,20864,1.22199,1.4028232319660543,1.3477659006830751
1220,20865,1.69039,1.3853093337200146,1.433111796017167
1222,20870,1.32583,1.2190182248640502,1.3918527846802862
1224,20877,0.8132999999999999,1.2799706523317906,1.3012258261506444
1226,20878,1.26697,1.4791981258829725,1.4972868971848192
1228,20879,1.46764,1.501574963358665,1.6776692023090378
1230,20882,1.48505,1.2976663995736604,1.327683517436926
1232,20883,0.86097,0.9895517238846,1.2306144163271926
1234,20885,1.47849,1.2542853282517623,1.2830088415590002
1236,20886,1.09253,1.733540890875145,2.406398800158664
1238,20892,1.0854,1.2046891873332886,1.3592997525996622
1240,20894,1.89225,1.4396099291673814,1.6770023053181349
1242,20899,2.32761,2.434628585928069,2.250105238906974
1244,20901,0.73891,1.0090934990557865,0.972714645078027
1246,20902,1.56067,2.362935958599504,2.2674096231827443
1248,20904,4.55923,4.48778849317156,4.818208349902372
1250,20906,0.7253499999999999,0.8649836396741349,0.9788682670390928
1252,20907,3.47802,4.003073414811329,3.892836420548521
1254,20908,2.29554,2.321700640594324,2.308513692143782
1256,20910,5.20738,4.617823238329794,4.813136135263703
1258,20912,3.03888,3.554728082093193,3.815442886875524
1260,20913,0.78256,1.3138238094775898,1.2446206704341514
1262,20914,1.06175,1.2158682706225423,1.3066635437755345
1264,20917,2.29184,2.446951987704342,2.224141527826572
1266,20919,0.43074,1.1545685558112009,0.9587748533388044
1268,20920,2.4836,3.205384445006008,3.241422462964629
1270,20922,1.04686,0.7764292618374314,0.8902293456767447
1272,20924,3.70952,2.895433373928261,2.886104067374239
1274,20925,0.53211,0.8835657428879997,0.9629296198594218
1276,20927,3.05867,3.0929064365323207,3.0177914812182287
1278,20928,2.92793,3.533143659508082,3.758014793675821
1280,20931,1.43487,0.8791228987576163,1.1907944250764273
1282,20932,1.87,2.289707675709982,2.364130749620068
1284,20933,3.68027,3.3330597353442286,3.1719874033981563
1286,20936,0.16453,0.6659998379841056,0.7856700120547968
1288,20937,1.03081,0.8251838554070356,0.9055522726557808
1290,20941,0.82051,0.7742320011087999,0.890468128960966
1292,20942,1.72156,1.8863647052169483,1.7353918933558543
1294,20945,0.8682799999999999,1.183612440607656,1.3823119076747332
1296,20946,3.14228,2.86562259858907,2.9042172330774787
1298,20947,0.45535,0.6883606416545351,0.8530464174303832
1300,20948,0.41822,0.6934497085373673,0.8462090138071129
1302,20949,0.8879400000000001,1.1127827030551818,1.1091599475626817
1304,20951,0.3287,0.9380885855330754,1.148434166428668
1306,20953,2.3988,2.520514965892475,3.174455621840514
1308,20956,0.59267,0.603251710874925,0.7848121420435649
1310,20957,1.10726,0.8549524135189268,0.9798110881182244
1312,20961,0.83519,0.907617269017824,0.8917030151194247
1314,20962,1.99182,2.725431240855993,2.9349547361514903
1316,20965,0.5503399999999999,0.7798513547370949,0.7997207504618209
1318,20966,1.73472,1.4200492227851016,1.376174073617051
1320,20967,1.55408,1.645128890338757,1.4374158137322894
1322,20968,1.91479,2.362153849950218,2.240675319569996
1324,20970,0.43677,0.4101864002336839,0.7594226685970713
1326,20975,1.69045,2.406144227793157,2.643135559719732
1328,20976,0.61586,0.6802535845512612,0.6949094598293653
1330,20982,0.1317799999999999,0.5152425339294665,0.528517724047343
1332,20985,0.7459899999999999,0.6278361509611042,0.807091660174599
1334,20986,0.57885,0.8845898517610844,0.828410781834259
1336,20987,0.16926,1.082169641454815,1.2603400676586511
1338,20990,0.4538,0.9642059417594144,0.983759411403233
1340,20991,0.14446,0.2679684637709111,0.4061263780387741
1342,20994,0.18545,0.4485575963407198,0.4535320982642278
1344,20995,1.5528499999999998,2.250303085298315,2.45608657870178
1346,20996,0.22495,0.8129669992215227,0.8450407307998835
1348,20997,0.88972,1.1360496423355475,1.2400966269384706
1350,21001,0.52382,0.7521474971665439,0.7430033978808871
1352,21003,0.44116,0.6442580371915336,0.6977558350013557
1354,21006,0.96358,1.2512556475589585,1.3895143187238723
1356,21007,1.80073,1.67226264533271,1.5495195322334565
1358,21008,0.99321,0.5889026397381234,0.7215830519632421
1360,21014,1.09473,0.7626205028187062,0.8984614618010874
1362,21016,0.45426,0.4689241718817777,0.5986606068588052
1364,21022,0.7621600000000001,1.01914081765667,1.0611782982037437
1366,21024,0.39419,0.510835125883672,0.6192616540149098
1368,21027,1.73954,1.26226002513196,1.2418407214025675
1370,21028,0.54486,0.4793404724344116,0.4975273382165691
1372,21032,0.17637,0.349987349904457,0.4968948939693304
1374,21033,1.267,1.3170586030296316,1.3606439038679674
1376,21034,0.55135,0.65553089660066,0.796075280921824
1378,21035,1.80884,1.6704500838621943,1.56248912305788
1380,21037,0.4412,0.6682969818896849,0.6602344082179481
1382,21038,0.4357,0.4025230425820354,0.5473272632095105
1384,21039,1.94374,1.6698758699776035,1.640733573462774
1386,21040,0.64416,0.6117639264037734,0.717227347014101
1388,21042,1.61798,1.3761598242916138,1.5086615788190918
1390,21044,1.76904,1.5491867812139992,1.6511555162966802
1392,21048,0.45052,0.2831931316567233,0.4386687574981477
1394,21049,0.3083,0.3508092324316775,0.3748120485197708
1396,21055,0.41164,0.3199963195785923,0.3578024553826445
1398,21056,0.64179,0.9636076300826606,0.9755915299561652
1400,21057,0.67593,0.5360644495414826,0.5303110113414675
1402,21058,1.84115,1.5919467855518143,1.4563955828826445
1404,21064,0.32759,0.4973282235698991,0.6794127680562438
1406,21065,0.5966199999999999,0.5449524146347915,0.6201249760981844
1408,21073,0.75292,0.996323593520991,1.0573705939833584
1410,21074,0.00311,0.792347661741172,0.8228344929509404
1412,21077,0.21584,0.216123199955776,0.3025872912154035
1414,21079,0.6845899999999999,1.1036675776110498,1.232475221820447
1416,21080,0.37669,0.4349619382693676,0.4094941280168451
1418,21084,0.47288,0.4786000364899453,0.5108561197552159
1420,21086,0.63302,0.777739106692223,0.9005977699731077
1422,21087,1.02205,0.8622683998438228,0.7675372445531978
1424,21088,0.08061,0.2554360210781909,0.3760473573809034
1426,21092,0.99937,0.9671963975686328,0.9804482575557254
1428,21093,0.2880999999999999,0.6682982983056308,0.7541859211697086
1430,21097,1.34469,1.2363827188234089,1.132003198257488
1432,21099,0.17034,0.3512211349207735,0.4835829035261923
1434,21105,0.43487,0.6623417887278291,0.7159175625971598
1436,21109,0.9539,0.9124149467161684,0.8722550621653357
1438,21110,1.52502,1.3218168100821257,1.202564758653501
1440,21111,1.46188,1.1279256904865858,1.078878939228752
1442,21112,0.55859,0.7394374887724072,0.7559357491731481
1444,21114,1.49352,1.154384951105934,1.0674010315514804
1446,21118,0.30167,0.3384660358367388,0.3441199729127243
1448,21119,1.14641,1.0029886791318083,0.9295141811470228
1450,21126,0.47548,0.4252349270273226,0.425394597541337
1452,21129,0.7841,0.7631392329140784,0.6970936651993015
1454,21131,0.08076,0.198121327857302,0.239495268844999
1456,21135,0.29346,0.3700936865646173,0.4352649025711202
1458,21140,0.55694,0.6567887257576419,0.6544489736029577
1460,21142,0.1070199999999999,0.2277417449292,0.2592947950201508
1462,21144,0.36366,0.6051391892210923,0.6291712220687601
1464,21146,0.39513,0.6826432526228214,0.6863333737672254
1466,21153,0.25441,0.4860070384518751,0.4999171491148894
1468,21154,0.12383,0.5168817749678745,0.5566243115723057
1470,21155,0.23501,0.2812097038139092,0.2950763251496276
1472,21157,0.16893,0.1893595086363946,0.2065558948480678
1474,21159,0.14194,0.4031526346401107,0.4269240176205978
1476,21163,0.339,0.4173592417876793,0.4920773402502602
1478,21164,0.15114,0.3583703465764783,0.3097377124735052
1480,21167,0.10551,0.173451546372031,0.1638649497638568
1482,21168,0.14085,0.3881243088290106,0.4115254499155889
1484,21170,0.04078,0.1115729698937982,0.1308622472567018
1486,21171,0.30362,0.4083243640530278,0.4287207550394847
1488,21176,0.44148,0.3317941758629251,0.3244057052252441
1490,21179,0.29605,0.4407136963795944,0.4644890586474678
1492,21180,0.02,0.0830158358330831,0.0966111044821017
1494,21182,0.06688,0.058142249932707,0.1045165050033085
1496,21184,0.15858,0.1949434489742338,0.2045157855761941
1498,21190,0.13297,0.1451475320565468,0.1473586412353747
1500,21191,0.09023,0.130253802664384,0.1329920782247507
1502,21192,0.0123799999999999,0.0529754587270642,0.0660270880067102
1504,21194,0.08985,0.1162728269394014,0.1338169473423704
1506,21196,0.1944,0.3834285691927857,0.3844886301239645
1508,21200,0.12786,0.1168758030245602,0.0999438679947385
1510,21201,0.18025,0.2417990238078125,0.2478538241664201
1512,21202,0.0458699999999999,0.0514458297102825,0.0722687068507481
1514,21207,0.1208,0.1431661918367233,0.1453507350674003
1516,21209,0.07853,0.0805941049104364,0.1067858833078974
1518,21212,0.10563,0.1034767708870326,0.1079492649406596
1520,21214,0.24428,0.2974755150246245,0.2715532574886907
1522,21218,0.03348,0.0338526654730476,0.0500086528887467
1524,21222,0.02184,0.0494348351559614,0.0518166291568958
1526,21224,0.07537,0.077305134800423,0.0988116061436803
1528,21226,0.04866,0.0962200119026421,0.1059960490086122
1530,21227,0.42182,0.3236678493981911,0.3285799560502867
1532,21233,0.03557,0.038713832027458,0.0457305430065861
1534,21244,0.0155199999999999,0.0192885402580348,0.0284128400659348
1536,21245,0.02403,0.0214913022295559,0.0304174289847223
1538,21246,0.0211699999999999,0.0190034593207723,0.0291264075205718
1540,21248,0.01129,0.0147201232550709,0.0252623041067851
1542,21252,0.0856,0.1170947990339542,0.1322987466417707
1544,21256,0.0127099999999999,0.0138922615933642,0.0214355393937901
1546,21259,0.0141199999999999,0.017716862539123,0.0254632045367576
1548,21262,0.01834,0.015327690061051,0.0260299487970527
1550,21263,0.0127,0.0171980305779939,0.0261887291253135
1552,21265,0.0500699999999999,0.0448030278122326,0.0484823543921982
1554,21266,0.05121,0.0483096991117138,0.0514198726450828
1556,21267,0.01569,0.0489058478761328,0.0573504807690262
1558,21276,0.0089199999999999,0.0240534212403057,0.0288456358565595
